-- KiwiHub 测试数据种子文件
-- MySQL 数据，每张表 10 条以上
-- 注意：user_id 与 MongoDB users 集合的 _id 保持一致
-- Version: 1.1
-- Date: 2026-03-21

USE `kiwi_hub`;

-- ============================================================
-- 1. user 表（12条）
-- 密码均为 BCrypt 加密的 "Password123!"
-- ============================================================
INSERT INTO `user` (`id`, `username`, `email`, `password_hash`, `created_at`, `updated_at`, `deleted`) VALUES
(1,  'alice_dev',    'alice@example.com',   '$2a$10$N9qo8uLOickgx2ZMRZoMyeIjZAgcfl7p92ldGxad68LJZdL17lhy2', '2025-01-10 08:00:00', '2025-01-10 08:00:00', 0),
(2,  'bob_coder',    'bob@example.com',     '$2a$10$N9qo8uLOickgx2ZMRZoMyeIjZAgcfl7p92ldGxad68LJZdL17lhy2', '2025-01-12 09:30:00', '2025-01-12 09:30:00', 0),
(3,  'carol_writer', 'carol@example.com',   '$2a$10$N9qo8uLOickgx2ZMRZoMyeIjZAgcfl7p92ldGxad68LJZdL17lhy2', '2025-01-15 10:00:00', '2025-01-15 10:00:00', 0),
(4,  'dave_arch',    'dave@example.com',    '$2a$10$N9qo8uLOickgx2ZMRZoMyeIjZAgcfl7p92ldGxad68LJZdL17lhy2', '2025-01-18 11:00:00', '2025-01-18 11:00:00', 0),
(5,  'eve_frontend', 'eve@example.com',     '$2a$10$N9qo8uLOickgx2ZMRZoMyeIjZAgcfl7p92ldGxad68LJZdL17lhy2', '2025-01-20 12:00:00', '2025-01-20 12:00:00', 0),
(6,  'frank_ops',    'frank@example.com',   '$2a$10$N9qo8uLOickgx2ZMRZoMyeIjZAgcfl7p92ldGxad68LJZdL17lhy2', '2025-01-22 13:00:00', '2025-01-22 13:00:00', 0),
(7,  'grace_ml',     'grace@example.com',   '$2a$10$N9qo8uLOickgx2ZMRZoMyeIjZAgcfl7p92ldGxad68LJZdL17lhy2', '2025-01-25 14:00:00', '2025-01-25 14:00:00', 0),
(8,  'henry_dba',    'henry@example.com',   '$2a$10$N9qo8uLOickgx2ZMRZoMyeIjZAgcfl7p92ldGxad68LJZdL17lhy2', '2025-01-28 15:00:00', '2025-01-28 15:00:00', 0),
(9,  'iris_sec',     'iris@example.com',    '$2a$10$N9qo8uLOickgx2ZMRZoMyeIjZAgcfl7p92ldGxad68LJZdL17lhy2', '2025-02-01 09:00:00', '2025-02-01 09:00:00', 0),
(10, 'jack_mobile',  'jack@example.com',    '$2a$10$N9qo8uLOickgx2ZMRZoMyeIjZAgcfl7p92ldGxad68LJZdL17lhy2', '2025-02-05 10:00:00', '2025-02-05 10:00:00', 0),
(11, 'kate_cloud',   'kate@example.com',    '$2a$10$N9qo8uLOickgx2ZMRZoMyeIjZAgcfl7p92ldGxad68LJZdL17lhy2', '2025-02-08 11:00:00', '2025-02-08 11:00:00', 0),
(12, 'leo_devops',   'leo@example.com',     '$2a$10$N9qo8uLOickgx2ZMRZoMyeIjZAgcfl7p92ldGxad68LJZdL17lhy2', '2025-02-10 12:00:00', '2025-02-10 12:00:00', 0);

-- ============================================================
-- 2. user_stats 表（12条，与 user 表一一对应）
-- ============================================================
INSERT INTO `user_stats` (`user_id`, `article_count`, `following_count`, `follower_count`, `created_at`, `updated_at`) VALUES
(1,  4, 3, 5, '2025-01-10 08:00:00', '2025-03-01 10:00:00'),
(2,  3, 4, 3, '2025-01-12 09:30:00', '2025-03-01 10:00:00'),
(3,  5, 2, 6, '2025-01-15 10:00:00', '2025-03-01 10:00:00'),
(4,  2, 5, 2, '2025-01-18 11:00:00', '2025-03-01 10:00:00'),
(5,  3, 3, 4, '2025-01-20 12:00:00', '2025-03-01 10:00:00'),
(6,  1, 2, 1, '2025-01-22 13:00:00', '2025-03-01 10:00:00'),
(7,  2, 4, 3, '2025-01-25 14:00:00', '2025-03-01 10:00:00'),
(8,  1, 1, 2, '2025-01-28 15:00:00', '2025-03-01 10:00:00'),
(9,  2, 3, 2, '2025-02-01 09:00:00', '2025-03-01 10:00:00'),
(10, 3, 2, 3, '2025-02-05 10:00:00', '2025-03-01 10:00:00'),
(11, 1, 1, 1, '2025-02-08 11:00:00', '2025-03-01 10:00:00'),
(12, 2, 2, 2, '2025-02-10 12:00:00', '2025-03-01 10:00:00');

-- ============================================================
-- 3. user_relation 表（15条关注关系）
-- follower_id 关注了 following_id
-- ============================================================
INSERT INTO `user_relation` (`follower_id`, `following_id`, `created_at`) VALUES
(2,  1,  '2025-01-15 10:00:00'),
(3,  1,  '2025-01-16 11:00:00'),
(4,  1,  '2025-01-17 12:00:00'),
(5,  1,  '2025-01-18 13:00:00'),
(6,  1,  '2025-01-19 14:00:00'),
(1,  3,  '2025-01-20 09:00:00'),
(1,  5,  '2025-01-21 10:00:00'),
(1,  7,  '2025-01-22 11:00:00'),
(2,  3,  '2025-01-23 12:00:00'),
(2,  5,  '2025-01-24 13:00:00'),
(2,  7,  '2025-01-25 14:00:00'),
(2,  9,  '2025-01-26 15:00:00'),
(3,  2,  '2025-01-27 09:00:00'),
(7,  3,  '2025-02-01 10:00:00'),
(10, 3,  '2025-02-02 11:00:00');

-- ============================================================
-- 4. article 表（26条，author_id 均为已存在的用户）
-- article_id 与 MongoDB article_content_cache 集合的 articleId 保持一致
-- ============================================================
INSERT INTO `article` (`id`, `author_id`, `title`, `created_at`, `updated_at`, `deleted`) VALUES
-- alice_dev (1) 的文章
(1,  1, 'Spring Boot 3 新特性全解析',          '2025-02-01 09:00:00', '2025-02-01 09:00:00', 0),
(2,  1, 'MyBatis-Plus 最佳实践指南',            '2025-02-10 10:00:00', '2025-02-10 10:00:00', 0),
(3,  1, 'Redis 缓存设计模式',                   '2025-02-20 11:00:00', '2025-02-20 11:00:00', 0),
(4,  1, 'Java 17 虚拟线程实战',                 '2025-03-01 09:00:00', '2025-03-01 09:00:00', 0),
-- bob_coder (2) 的文章
(5,  2, 'Docker Compose 微服务编排实践',        '2025-02-03 10:00:00', '2025-02-03 10:00:00', 0),
(6,  2, 'Kubernetes 入门到生产',                '2025-02-15 11:00:00', '2025-02-15 11:00:00', 0),
(7,  2, 'CI/CD 流水线搭建指南',                 '2025-02-25 12:00:00', '2025-02-25 12:00:00', 0),
-- carol_writer (3) 的文章
(8,  3, '微服务架构设计原则',                   '2025-02-05 09:00:00', '2025-02-05 09:00:00', 0),
(9,  3, 'DDD 领域驱动设计实践',                 '2025-02-12 10:00:00', '2025-02-12 10:00:00', 0),
(10, 3, '分布式事务解决方案对比',               '2025-02-18 11:00:00', '2025-02-18 11:00:00', 0),
(11, 3, 'API 网关设计与实现',                   '2025-02-28 12:00:00', '2025-02-28 12:00:00', 0),
(12, 3, 'gRPC vs REST 深度对比',                '2025-03-05 09:00:00', '2025-03-05 09:00:00', 0),
-- dave_arch (4) 的文章
(13, 4, '高并发系统设计实战',                   '2025-02-08 10:00:00', '2025-02-08 10:00:00', 0),
(14, 4, '消息队列选型与实践',                   '2025-02-22 11:00:00', '2025-02-22 11:00:00', 0),
-- eve_frontend (5) 的文章
(15, 5, 'Vue 3 Composition API 深度解析',       '2025-02-06 09:00:00', '2025-02-06 09:00:00', 0),
(16, 5, 'React 18 并发特性实战',                '2025-02-16 10:00:00', '2025-02-16 10:00:00', 0),
(17, 5, '前端性能优化实战手册',                 '2025-02-26 11:00:00', '2025-02-26 11:00:00', 0),
-- frank_ops (6) 的文章
(18, 6, 'Linux 内核调优实战',                   '2025-02-09 10:00:00', '2025-02-09 10:00:00', 0),
-- grace_ml (7) 的文章
(19, 7, 'PyTorch 模型部署最佳实践',             '2025-02-11 09:00:00', '2025-02-11 09:00:00', 0),
(20, 7, 'LLM 微调技术全解析',                   '2025-02-21 10:00:00', '2025-02-21 10:00:00', 0),
-- henry_dba (8) 的文章
(21, 8, 'MySQL 索引优化深度解析',               '2025-02-13 10:00:00', '2025-02-13 10:00:00', 0),
-- iris_sec (9) 的文章
(22, 9, 'OAuth2 与 JWT 安全实践',               '2025-02-14 09:00:00', '2025-02-14 09:00:00', 0),
(23, 9, 'SQL 注入防御完全指南',                 '2025-02-24 10:00:00', '2025-02-24 10:00:00', 0),
-- jack_mobile (10) 的文章
(24, 10, 'Flutter 跨平台开发实战',              '2025-02-17 09:00:00', '2025-02-17 09:00:00', 0),
(25, 10, 'React Native 性能优化指南',           '2025-02-27 10:00:00', '2025-02-27 10:00:00', 0),
(26, 10, 'iOS 与 Android 差异化适配',           '2025-03-03 11:00:00', '2025-03-03 11:00:00', 0);

-- ============================================================
-- 5. article_stats 表（26条，与 article 表一一对应）
-- ============================================================
INSERT INTO `article_stats` (`article_id`, `view_count`, `like_count`, `comment_count`, `created_at`, `updated_at`) VALUES
(1,  1520, 88,  12, '2025-02-01 09:00:00', '2025-03-10 10:00:00'),
(2,  980,  62,  8,  '2025-02-10 10:00:00', '2025-03-10 10:00:00'),
(3,  1230, 75,  10, '2025-02-20 11:00:00', '2025-03-10 10:00:00'),
(4,  760,  45,  6,  '2025-03-01 09:00:00', '2025-03-10 10:00:00'),
(5,  890,  53,  7,  '2025-02-03 10:00:00', '2025-03-10 10:00:00'),
(6,  1100, 70,  9,  '2025-02-15 11:00:00', '2025-03-10 10:00:00'),
(7,  670,  40,  5,  '2025-02-25 12:00:00', '2025-03-10 10:00:00'),
(8,  1450, 92,  14, '2025-02-05 09:00:00', '2025-03-10 10:00:00'),
(9,  1320, 85,  11, '2025-02-12 10:00:00', '2025-03-10 10:00:00'),
(10, 1680, 105, 16, '2025-02-18 11:00:00', '2025-03-10 10:00:00'),
(11, 920,  58,  8,  '2025-02-28 12:00:00', '2025-03-10 10:00:00'),
(12, 780,  48,  6,  '2025-03-05 09:00:00', '2025-03-10 10:00:00'),
(13, 2100, 130, 20, '2025-02-08 10:00:00', '2025-03-10 10:00:00'),
(14, 1050, 65,  9,  '2025-02-22 11:00:00', '2025-03-10 10:00:00'),
(15, 860,  52,  7,  '2025-02-06 09:00:00', '2025-03-10 10:00:00'),
(16, 940,  60,  8,  '2025-02-16 10:00:00', '2025-03-10 10:00:00'),
(17, 1180, 72,  10, '2025-02-26 11:00:00', '2025-03-10 10:00:00'),
(18, 720,  44,  5,  '2025-02-09 10:00:00', '2025-03-10 10:00:00'),
(19, 1350, 88,  12, '2025-02-11 09:00:00', '2025-03-10 10:00:00'),
(20, 1560, 98,  14, '2025-02-21 10:00:00', '2025-03-10 10:00:00'),
(21, 1890, 118, 18, '2025-02-13 10:00:00', '2025-03-10 10:00:00'),
(22, 1120, 70,  9,  '2025-02-14 09:00:00', '2025-03-10 10:00:00'),
(23, 980,  62,  8,  '2025-02-24 10:00:00', '2025-03-10 10:00:00'),
(24, 830,  50,  7,  '2025-02-17 09:00:00', '2025-03-10 10:00:00'),
(25, 760,  46,  6,  '2025-02-27 10:00:00', '2025-03-10 10:00:00'),
(26, 540,  32,  4,  '2025-03-03 11:00:00', '2025-03-10 10:00:00');

-- ============================================================
-- 6. article_like 表（20条，user_id/article_id/author_id 均已存在）
-- ============================================================
INSERT INTO `article_like` (`user_id`, `article_id`, `author_id`, `created_at`) VALUES
(2,  1,  1, '2025-02-02 10:00:00'),
(3,  1,  1, '2025-02-03 11:00:00'),
(4,  1,  1, '2025-02-04 12:00:00'),
(5,  1,  1, '2025-02-05 13:00:00'),
(1,  8,  3, '2025-02-06 09:00:00'),
(2,  8,  3, '2025-02-07 10:00:00'),
(4,  8,  3, '2025-02-08 11:00:00'),
(1,  13, 4, '2025-02-09 09:00:00'),
(3,  13, 4, '2025-02-10 10:00:00'),
(5,  13, 4, '2025-02-11 11:00:00'),
(1,  21, 8, '2025-02-14 09:00:00'),
(2,  21, 8, '2025-02-15 10:00:00'),
(3,  21, 8, '2025-02-16 11:00:00'),
(1,  10, 3, '2025-02-19 09:00:00'),
(2,  10, 3, '2025-02-20 10:00:00'),
(6,  19, 7, '2025-02-12 10:00:00'),
(7,  2,  1, '2025-02-11 09:00:00'),
(8,  3,  1, '2025-02-21 10:00:00'),
(9,  5,  2, '2025-02-04 11:00:00'),
(10, 6,  2, '2025-02-16 12:00:00');

-- ============================================================
-- 7. comment 表（20条，含一级评论和楼中楼回复）
-- article_id/author_id 均已存在；id 使用雪花算法模拟值
-- ============================================================
INSERT INTO `comment` (`id`, `article_id`, `author_id`, `content`, `parent_id`, `root_id`, `status`, `created_at`) VALUES
-- article 1 的评论（4条：2个根评论 + 2个回复）
(1001, 1, 2, 'Spring Boot 3 的 AOT 编译确实提升了不少启动速度，实测快了 3 倍！', NULL, 1001, 0, '2025-02-02 10:30:00'),
(1002, 1, 3, '请问虚拟线程和协程有什么本质区别？',                                  NULL, 1002, 0, '2025-02-03 11:00:00'),
(1003, 1, 1, '@carol_writer 虚拟线程是 JVM 层面的，协程是语言层面的，本质上都是轻量级并发。', 1002, 1002, 0, '2025-02-03 11:30:00'),
(1004, 1, 4, '@alice_dev 感谢解答，那 Kotlin 协程和虚拟线程可以混用吗？',            1003, 1002, 0, '2025-02-03 12:00:00'),
-- article 8 的评论（4条：2个根评论 + 2个回复）
(1005, 8, 1, '微服务拆分粒度这个问题困扰我很久了，文章讲得很清楚！',                NULL, 1005, 0, '2025-02-06 09:30:00'),
(1006, 8, 4, '建议补充一下服务网格（Service Mesh）的内容。',                        NULL, 1006, 0, '2025-02-07 10:00:00'),
(1007, 8, 3, '@dave_arch 好的，下一篇会专门写 Istio 实践。',                        1006, 1006, 0, '2025-02-07 10:30:00'),
(1008, 8, 5, '@carol_writer 期待！Istio 的学习曲线太陡了。',                        1007, 1006, 0, '2025-02-07 11:00:00'),
-- article 13 的评论（4条：2个根评论 + 2个回复）
(1009, 13, 1, '高并发下的数据库连接池配置这块讲得非常实用！',                       NULL, 1009, 0, '2025-02-09 09:30:00'),
(1010, 13, 3, '请问 HikariCP 和 Druid 在高并发场景下哪个更好？',                   NULL, 1010, 0, '2025-02-10 10:00:00'),
(1011, 13, 4, '@carol_writer HikariCP 性能更好，Druid 监控功能更强，看需求选择。',  1010, 1010, 0, '2025-02-10 10:30:00'),
(1012, 13, 2, '@dave_arch 我们生产用的 HikariCP，确实稳定。',                       1011, 1010, 0, '2025-02-10 11:00:00'),
-- article 21 的评论（4条：2个根评论 + 2个回复）
(1013, 21, 1, 'EXPLAIN 分析这块讲得很详细，收藏了！',                               NULL, 1013, 0, '2025-02-14 09:30:00'),
(1014, 21, 3, '联合索引的最左前缀原则这里有个小错误，应该是...',                   NULL, 1014, 0, '2025-02-15 10:00:00'),
(1015, 21, 8, '@carol_writer 感谢指正，已更新文章！',                               1014, 1014, 0, '2025-02-15 10:30:00'),
(1016, 21, 5, '@henry_dba 这种互动很棒，技术社区就该这样。',                       1015, 1014, 0, '2025-02-15 11:00:00'),
-- article 10 的评论（4条：2个根评论 + 2个回复）
(1017, 10, 1, 'Seata 的 AT 模式在实际项目中踩了不少坑，文章总结得很好。',          NULL, 1017, 0, '2025-02-19 09:30:00'),
(1018, 10, 2, 'TCC 模式的代码侵入性太强了，有没有更优雅的方案？',                  NULL, 1018, 0, '2025-02-20 10:00:00'),
(1019, 10, 3, '@bob_coder 可以考虑 Saga 模式，配合消息队列实现最终一致性。',        1018, 1018, 0, '2025-02-20 10:30:00'),
(1020, 10, 7, '@carol_writer Saga 模式的补偿事务设计是个难点，期待专题文章。',      1019, 1018, 0, '2025-02-20 11:00:00');
